round_id,reaction_key,chosen_action,observed_target,stop_hit,existing_top,exploring_top,coordinator_reason,meeting_summary
1,"('(E)-Iminium 138', 'N36')",L14,88.80676,False,L14,L14,"Both agents agree that L14 is the top candidate. In this fully data-sparse setting with no precedent or transferability to separate options, consensus on the highest predicted success is the best balance of expected performance and exploration.","The agents fully agreed on the candidate ordering and both placed L14 first. They differed only in interpretation of uncertainty: one was conservative, the other exploratory. The coordinator chose L14 because it has the highest predicted success and is the consensus top option in a setting with no precedent support."
1,"('(E)-Iminium 121', 'N35')",L14,79.52039,False,L14,L14,"Both agents independently rank L14 as the top candidate. Since all options share the same lack of precedent, zero transferability, and high uncertainty, the best balance of expected performance and exploration is to follow the strongest common signal: L14 has the highest predicted success and the broadest agreement.","The agents agreed that L14 is the best choice because it has the highest predicted success, even though all options lack precedent and transfer support. They differed mainly in interpretation of uncertainty: one was cautious, the other exploratory. The coordinator chose L14 based on the strongest shared signal."
1,"('(Z)-Iminium 10', 'N12')",L14,97.025406,True,L14,L14,"Both agents agree on L14 as the top candidate. With no precedent or transfer evidence for any option, the decision is driven by predicted success, where L14 ranks highest while still satisfying exploration because uncertainty is uniformly high across all candidates.",The agents agreed on the candidate ranking and especially on L14 as the best option. They differed only in how they interpreted the uniformly high uncertainty: conservative penalty versus exploratory upside. The coordinator chose L14 because it has the highest predicted success and no candidate has better supporting evidence.
1,"('(E)-Iminium 103', 'N41')",L14,86.22336,False,L14,L14,"Both agents independently rank L14 as the top candidate. In a setting with no precedent, zero transferability, and uniformly maximal uncertainty across all options, the best-balanced choice is the one with the strongest predicted success while also aligning exploration and conservative ranking. L14 therefore has the strongest combined support.","Both agents agreed that this is a data-poor case with no precedent or transferability, so predicted success drives the ranking. They independently chose the same ordering and both placed L14 first. The coordinator therefore selected L14 as the best-supported action."
1,"('(E)-Iminium 61', 'N40')",L14,85.931206,False,L14,L14,"Both agents independently rank L14 as the top candidate. With no precedent, transferability, or differentiating evidence across options, the best balance of expected performance and exploration is to follow the shared highest predicted-success choice.",The agents agreed on the candidate ordering and both placed L14 first. They differed mainly in how they interpreted uncertainty: conservative versus opportunity-seeking. The coordinator chose L14 because it is the shared top-ranked option with the highest predicted success under otherwise undifferentiated evidence.
1,"('(E)-Iminium 86', 'N41')",L14,97.65596,True,L14,L14,"Both agents agree that L14 is the top choice, and it has the highest predicted success in both rankings. Since all options have similarly weak precedent, zero transferability, and maximal uncertainty, agreement plus strongest model score makes L14 the best balanced action for this round.","The agents aligned strongly on candidate ranking and both placed L14 first. Given uniformly weak precedent across all options, the coordinator chose L14 because it had the highest predicted success and shared top support from both agents."
1,"('(E)-Iminium 72', 'N37')",L14,83.172714,False,L14,L14,"Both agents agree that L14 is the top candidate. In this fully data-sparse setting with no precedent or transfer support, selecting the highest predicted-success option best balances expected performance and exploration.","The agents agreed on the candidate ranking and both placed L14 first. They also agreed that there is no precedent or transfer evidence, so predicted success is the main basis for selection. The coordinator chose L14 as the best-balanced option in this sparse setting."
1,"('(Z)-Iminium 153', 'N36')",L14,53.39137,False,L14,L14,"Both agents independently rank L14 as the top candidate. Since all options have similarly sparse evidence, zero transferability, and no related observations, predicted success is the main differentiator. Choosing L14 best balances expected performance and exploration while aligning with agreement between the agents.","The agents agreed strongly on the ranking despite sparse evidence. With no related observations and zero transferability for any option, both relied mainly on predicted success and placed L14 first. The coordinator therefore selected L14 as the best aligned and highest-ranked choice."
1,"('(E)-Iminium 130', 'N34')",L14,88.0745,False,L14,L14,"Both agents agree on L14 as the top candidate, making it the strongest choice when balancing performance and exploration. With no related observations or transferability for any option, predicted success is the main differentiator, and L14 has the highest score under both conservative and exploratory views.","The agents converged on L14 as the best option. They agreed that all candidates lack precedent support and must be ranked mainly by predicted success, with L14 highest under both conservative and exploratory views. The coordinator therefore selected L14."
1,"('(E)-Iminium 114', 'N32')",L14,93.44796,True,L14,L14,"Both agents independently rank L14 as the top candidate. Since all options have uniformly high uncertainty, zero transferability, and no related observations, the best-balanced choice is the one with the strongest predicted success and shared support across agents.","The agents agreed that evidence is uniformly weak across all candidates, so ranking should follow predicted success. L14 was the clear shared top choice, and the coordinator selected it as the best-balanced action."
2,"('(E)-Iminium 138', 'N36')",L11,91.9656,True,L11,L11,"Both agents agree that L11 is the top candidate, and with no transferability or precedent signal differentiating options, the best balance of expected performance and exploration is to choose the highest predicted-success action.","Both agents converged on the same ranking and identified L11 as the best option. With no precedent or transfer signal separating candidates, the coordinator chose L11 because it has the highest predicted success and is supported by both conservative and exploratory reasoning."
2,"('(E)-Iminium 121', 'N35')",L11,77.07919,False,L11,L11,"Both agents agree on L11 as the top candidate. With all options sharing the same lack of precedent, transferability, and related observations, predicted success becomes the main discriminator. L11 has the strongest support under both conservative and exploratory views, so it best balances expected performance and exploration for this round.","The agents aligned on candidate ordering and both identified L11 as best. They differed only in how they interpreted uncertainty: conservative scoring penalized it, while exploratory scoring embraced it. The coordinator chose L11 because it leads under both views and predicted success is the main usable discriminator here."
2,"('(E)-Iminium 103', 'N41')",L11,57.441566,False,L11,L11,"Both agents agree that L11 is the top candidate. In a setting with uniformly maximal uncertainty and no precedent signal for any option, the best balance of expected performance and exploration is to choose the highest predicted-success candidate.","The agents agreed that L11 is the best option for (E)-Iminium 103 with N41, with L10 and L9 as the next-best alternatives. They differed mainly in framing: the existing agent was cautious due to the lack of precedent, while the exploring agent leaned into high-upside testing. The coordinator selected L11 as the final action because it had the highest predicted success in an otherwise fully uncertain set."
2,"('(E)-Iminium 61', 'N40')",L11,65.65613,False,L11,L11,"Both agents independently rank L11 as the top candidate. Since all options share the same lack of precedent, zero transferability, and similarly high uncertainty, predicted success is the main differentiator. Choosing L11 best balances expected performance and exploration because it has the strongest model support without sacrificing exploratory value relative to the alternatives.","Both agents converged on L11 as the best option. They agreed that no candidate has supporting precedent or transferability, so rankings rely mainly on predicted success. The coordinator chose L11 because it has the strongest model support and the same exploratory value as the other options."
2,"('(E)-Iminium 72', 'N37')",L11,82.93423,False,L11,L11,"Both agents agree on L11 as the top candidate. With no precedent or transferability to distinguish options, predicted success is the main signal, and L11 leads on that metric while also preserving exploratory value under high uncertainty.","The agents agreed that L11 is the best choice for (E)-Iminium 72 with N37. Since there is no precedent or transferability for any candidate, both relied on predicted success, where L11 ranked highest. The coordinator therefore selected L11."
2,"('(Z)-Iminium 153', 'N36')",L11,46.1364,False,L11,L11,"Both agents agree that L11 is the strongest option. With no precedent, transferability, or related observations to differentiate candidates, predicted success becomes the main signal, and L11 is the top-ranked choice while still serving exploration under uniformly high uncertainty.","The agents aligned on L11 as the best choice for (Z)-Iminium 153 with N36. Since no precedent-based evidence distinguished any option, both relied mainly on predicted success and arrived at the same ranking, while differing only in how they interpreted uncertainty."
2,"('(E)-Iminium 130', 'N34')",L11,89.106544,False,L11,L11,"Both agents independently rank L11 as the top candidate, so it offers the strongest combination of consensus support and expected performance. With no transferability or related-observation evidence distinguishing candidates, the best-supported choice is the highest predicted-success option.","Both agents converged on the same ranking and identified L11 as the strongest option. Because no candidate has distinguishing precedent, transferability, or related-observation support, the coordinator chose L11 as the consensus highest predicted-success candidate."
3,"('(E)-Iminium 121', 'N35')",L10,90.058105,True,L10,L10,"Both agents agree that L10 is the top candidate. In a setting with no precedent, zero transferability, and uniformly high uncertainty, the strongest basis for selection is its highest predicted success, which also preserves exploratory value because uncertainty is maximal across all options.","The agents agreed on both the ordering and the choice of L10. They differed mainly in interpretation of uncertainty: the existing agent treated it as a reason for caution, while the exploring agent treated it as possible upside. The coordinator chose L10 because it has the highest predicted success under conditions with no precedent or transferable support."
3,"('(E)-Iminium 103', 'N41')",L10,31.051704,False,L10,L10,"Both agents independently rank L10 as the top candidate. Since all options have no supporting precedent, zero transferability, and identical high uncertainty, the best balance of expected performance and exploration is to follow the shared highest predicted-success choice.","The agents agreed that L10 is the best choice for this reaction pair. With no related observations, zero transferability, and identical high uncertainty across candidates, both rankings defaulted to predicted success, and the coordinator selected the shared top option L10."
3,"('(E)-Iminium 61', 'N40')",L10,81.48309,False,L10,L10,"Both agents independently rank L10 as the top candidate. In an evidence-poor setting with no precedent or transfer support, agreement on the highest predicted-success option provides the best balance of expected performance and reasonable exploration.",The agents agreed on the candidate ordering and both placed L10 first despite no precedent or transfer support for this reaction pair. Their main difference was scoring philosophy: conservative versus exploratory. The coordinator selected L10 because it was the shared top-ranked option with the highest predicted success.
3,"('(E)-Iminium 72', 'N37')",L10,88.31592,False,L10,L10,"Both agents agree on L10 as the top candidate. With no precedent or transferability signal for any option, predicted success is the main differentiator, and L10 has the strongest support on that basis while also satisfying exploration under high uncertainty.","Both agents converged on L10 as the best option. They agreed that there is no precedent or transferability evidence for this reaction pair, so the decision should rely mainly on predicted success. The coordinator therefore selected L10 as the final action."
3,"('(Z)-Iminium 153', 'N36')",L10,30.338598,False,L10,L10,"Both agents agree on L10 as the top candidate. With no related observations or transferability for any option, the decision is driven mainly by predicted success, and L10 has the strongest ranking while still serving exploration under uniformly high uncertainty.","The agents aligned on candidate ordering and on the lack of precedent or transfer support. Because all options are similarly uncertain, predicted success drove the decision. The coordinator chose L10 since both agents ranked it first."
3,"('(E)-Iminium 130', 'N34')",L10,93.13131,True,L10,L10,"Both agents independently rank L10 as the top option. In a setting with no precedent or transferability for any candidate, the best balance of expected performance and exploration is to follow the strongest shared model signal rather than force a lower-ranked alternative.","The agents agreed on the full ranking and especially on L10 as the best option in a no-precedent, zero-transferability setting. They differed only in interpretation of uncertainty: the existing agent was cautious, while the exploring agent saw upside in exploration. The coordinator chose L10 because it is the strongest shared model signal."
4,"('(E)-Iminium 103', 'N41')",L9,33.31642,False,L9,L9,"Both agents independently rank L9 as the top candidate. With no precedent or transfer evidence for any option, predicted success is the main differentiator, and L9 has the strongest support under both conservative and exploratory strategies.","Both agents agreed that L9 is the best choice because all options lack precedent and transfer evidence, leaving predicted success as the key differentiator. They aligned on the full ranking order, but differed in how they interpreted uncertainty: conservative penalty versus exploratory opportunity. The coordinator therefore selected L9."
4,"('(E)-Iminium 61', 'N40')",L9,54.149097,False,L9,L9,"Both agents agree on L9 as the top candidate. Since all options lack precedent or transferability support and are effectively distinguished only by predicted success, selecting the consensus highest-ranked action best balances expected performance with reasonable exploration under uniform uncertainty.","The agents converged on the same ranking despite uniformly weak evidence across all candidates. With no precedent or transferability to separate options, both relied mainly on predicted success, and the coordinator chose the shared top-ranked option, L9."
4,"('(E)-Iminium 72', 'N37')",L9,67.68804,False,L9,L9,"Both agents agree on L9 as the top candidate. In a setting with no precedent or transferability signal, consensus on the highest predicted success makes it the best balance of expected performance and exploration.","The agents aligned strongly: they chose the same five candidates in the same order and agreed that L9 is the best option because it has the highest predicted success in a no-precedent, zero-transferability setting. The coordinator therefore selected L9."
4,"('(Z)-Iminium 153', 'N36')",L9,40.50928,False,L9,L9,"Both agents agree on L9 as the top candidate. In a sparse-evidence setting with no transferability or related observations for any option, consensus on the highest predicted success is the best balance of expected performance and exploration.",The agents converged on the same candidate set and both placed L9 first because there is no precedent or transferable evidence for any option and predicted success is the main differentiator. The coordinator therefore selected L9 as the consensus best choice in this sparse-evidence setting.
5,"('(E)-Iminium 103', 'N41')",L12,40.964718,False,L12,L12,"Both agents independently rank L12 as the top candidate. With no precedent or transferability differentiating options, predicted success is the main signal, and L12 has the strongest support while still satisfying exploration under maximal uncertainty.","The agents agreed on the ranking and especially on L12 as the top option. They also agreed that no precedent or transferability is available, so the decision should rely mainly on predicted success. They differed only in how they handled uncertainty: the existing agent was conservative, while the exploring agent was more optimistic. The coordinator selected L12."
5,"('(E)-Iminium 61', 'N40')",L12,64.36842,False,L12,L12,"Both agents independently rank L12 as the top candidate. With no precedent or transferability differentiating options, predicted success is the main signal, and L12 has the strongest support while still serving exploration in this high-uncertainty setting.","The agents aligned on the ranking and both identified L12 as the best option because all candidates lack precedent and transfer support, leaving predicted success as the key signal. The coordinator therefore selected L12 as the final action."
5,"('(E)-Iminium 72', 'N37')",L12,79.52125,False,L12,L12,"Both agents independently rank L12 as the top candidate. In this data-sparse setting with no transferability or related-observation signal for any option, agreement on the highest predicted-success choice is the best balance of expected performance and exploration.","The agents agreed strongly on the ranking and both identified L12 as the best option in a data-sparse, high-uncertainty setting with no precedent signal. The coordinator therefore selected L12 as the final action because it has the highest predicted success and was the shared top choice."
5,"('(Z)-Iminium 153', 'N36')",L12,33.73114,False,L12,L12,"Both agents agree on L12 as the top candidate. In a fully data-sparse setting with no precedent or transferability support, agreement on the highest predicted-success option is the best balance of expected performance and exploration.","Both agents agreed that L12 is the best option for (Z)-Iminium 153 with N36. They used the same ranking in a no-precedent, zero-transferability setting, but differed in how they interpreted uncertainty: cautious versus exploratory. The coordinator chose L12 because it is the shared top candidate and has the highest predicted success."
6,"('(E)-Iminium 103', 'N41')",L7,42.450027,False,L7,L7,"Both agents independently rank L7 as the top candidate. In a setting with no precedent, zero transferability, and uniformly maximal uncertainty across all options, agreement on the highest predicted-success candidate is the best balance of expected performance and exploration.",Both agents agreed that L7 is the best option and used the same rank order across candidates in a data-poor setting with no precedent or transferability. They differed mainly in how they interpreted uncertainty: conservative discounting versus exploratory upside. The coordinator chose L7 because it was the shared top-ranked candidate.
6,"('(E)-Iminium 61', 'N40')",L7,58.736866,False,L7,L7,"Both agents agree on L7 as the top candidate, so it is the best balanced choice between expected performance and exploration. With no precedent or transfer evidence for any option, the decision is driven mainly by predicted success, where L7 ranks highest while still preserving exploratory value under high uncertainty.",The agents aligned on the candidate order and both placed L7 first. They differed mainly in how they interpreted uncertainty: conservative versus exploratory. The coordinator chose L7 because it is the shared top option and has the highest predicted success despite the lack of precedent or transfer evidence.
6,"('(E)-Iminium 72', 'N37')",L7,68.628586,False,L7,L7,"Both agents agree that L7 is the top candidate. In a setting with uniformly zero precedent, zero transferability, and maximal uncertainty, the best balance of expected performance and exploration is to follow the highest predicted success option, which is L7.",The agents aligned strongly on candidate ranking and both identified L7 as the best option in a fully uncertain setting with no supporting precedent. The coordinator therefore chose L7 as the highest predicted success choice and the best balance of performance and exploration.
6,"('(Z)-Iminium 153', 'N36')",L7,22.14602,False,L7,L7,"Both agents agree that L7 is the top candidate. With no supporting precedent or transferability for any option and uncertainty uniformly high across the set, the best-balanced choice is the candidate with the highest predicted success while still preserving exploratory value under uncertainty.","The agents aligned strongly on candidate ordering and both identified L7 as the best option despite weak evidence, no precedent, no transferability, and uniformly high uncertainty. The coordinator therefore selected L7 as the best-balanced choice based on the highest predicted success and retained exploratory value."
7,"('(E)-Iminium 103', 'N41')",L16,12.047315,False,L16,L16,"Both agents independently rank L16 as the top candidate. Since all options have no precedent support, zero transferability, and equally high uncertainty, the best balance of expected performance and exploration is to choose the highest predicted-success option with agreement across agents.","Both agents converged on L16 as the best option. With no supporting precedent, zero transferability, and uniformly high uncertainty across candidates, the coordinator chose the highest predicted-success candidate that both agents agreed on."
7,"('(E)-Iminium 61', 'N40')",L16,55.01647,False,L16,L16,"Both agents independently rank L16 as the top candidate. With no precedent, transferability, or related observations for any option, predicted success is the main differentiator, and L16 has the strongest support under both conservative and exploratory views.","Both agents converged on L16 as the best option, with L15 and L8 as the next closest alternatives. They agreed that all candidates lack supporting precedent or transferable evidence, so the decision rests mainly on predicted success. The coordinator therefore selected L16."
7,"('(E)-Iminium 72', 'N37')",L16,64.687515,False,L16,L16,"Both agents independently rank L16 as the top candidate. In this data-sparse setting with no precedent or transferability support, the strongest shared signal is predicted success, and L16 has the highest score while still satisfying the need for exploration under high uncertainty.","Both agents converged on L16 as the best option. They agreed that there is no precedent or transferability support for this reaction pair, so the decision relies mainly on predicted success in a highly uncertain setting. The coordinator therefore selected L16 as the shared top-ranked candidate."
7,"('(Z)-Iminium 153', 'N36')",L16,33.065422,False,L16,L16,"Both agents agree on L16 as the top candidate. In a setting with no precedent, zero transferability, and uniformly high uncertainty, the best balance of expected performance and exploration is to choose the highest predicted-success option that is also supported by both proposals.",The agents aligned strongly on candidate ordering and both placed L16 first under conditions of no precedent and high uncertainty. The coordinator chose L16 because it had the highest predicted success and was the shared top recommendation.
8,"('(E)-Iminium 103', 'N41')",L15,14.623505,False,L15,L15,"Both agents agree on L15 as the top candidate. In a uniformly data-sparse setting with no transferability or precedent support for any option, selecting the shared highest predicted-success candidate best balances expected performance and exploration.","The agents agreed that L15 is the best option for (E)-Iminium 103 with N41. They also agreed the evidence base is weak for all candidates, with no precedent or transferability support, so ranking depends mostly on predicted success. The coordinator chose L15 because it is the shared top-ranked candidate."
8,"('(E)-Iminium 61', 'N40')",L15,54.58897,False,L15,L15,"Both agents agree on L15 as the top candidate. Since all options have the same sparse-evidence profile with no related observations or transferability, the best balance of expected performance and exploration is to choose the highest predicted-success option.",The agents aligned strongly on the ranking and both identified L15 as the best option in a sparse-evidence setting. The coordinator selected L15 because it has the highest predicted success and no candidate has better precedent support.
8,"('(E)-Iminium 72', 'N37')",L15,69.19683,False,L15,L15,"Both agents independently rank L15 as the top candidate. With no precedent or transferability evidence for any option, predicted success is the main differentiator, and L15 has the strongest support while still satisfying exploration under uniformly high uncertainty.","The agents agreed on the candidate ranking and especially on L15 as the best option. They differed mainly in interpretation of uncertainty: the existing agent was cautious, while the exploring agent viewed uncertainty as a reason to explore. The coordinator chose L15 because it is the shared top-ranked candidate and predicted success is the only clear differentiator."
8,"('(Z)-Iminium 153', 'N36')",L15,16.679113,False,L15,L15,"Both agents independently rank L15 as the top candidate, so there is clear agreement and it best balances expected performance with exploration. In a setting with no precedent or transferability signal, choosing the highest predicted-success option is the most justified single action.","Both agents agreed that evidence is absent and that L15 has the highest predicted success, with L8 as the main backup. The coordinator therefore chose L15 as the single action because it is the top-ranked option under both conservative and exploratory views."
